{
  "0": {
    "precision": 0.997276476830304,
    "recall": 0.9973665770554252,
    "f1-score": 0.9973215199079014,
    "support": 9341834
  },
  "1": {
    "precision": 0.739688485387093,
    "recall": 0.733141059255298,
    "f1-score": 0.7364002141134546,
    "support": 95350
  },
  "accuracy": 0.9946969350179027,
  "macro avg": {
    "precision": 0.8684824811086984,
    "recall": 0.8652538181553616,
    "f1-score": 0.866860867010678,
    "support": 9437184
  },
  "weighted avg": {
    "precision": 0.9946738980330567,
    "recall": 0.9946969350179009,
    "f1-score": 0.9946852624705653,
    "support": 9437184
  }
}