{
  "0": {
    "precision": 0.9967932700004327,
    "recall": 0.9968424797366113,
    "f1-score": 0.9968178692611899,
    "support": 9338024
  },
  "1": {
    "precision": 0.7012634373194561,
    "recall": 0.6980032271076343,
    "f1-score": 0.6996295291631738,
    "support": 99160
  },
  "accuracy": 0.9937024646335169,
  "macro avg": {
    "precision": 0.8490283536599443,
    "recall": 0.8474228534221229,
    "f1-score": 0.8482236992121819,
    "support": 9437184
  },
  "weighted avg": {
    "precision": 0.9936880282028103,
    "recall": 0.9937024646335151,
    "f1-score": 0.993695200909685,
    "support": 9437184
  }
}