{
  "threshold": 0.5,
  "test": {
    "precision": 0.7012634373194561,
    "recall": 0.6980032271076343,
    "accuracy": 0.9937024646335169,
    "f1": 0.6996295291631738,
    "iou": 0.5380232422557785,
    "dice": 0.6996295341631819
  }
}