{
  "threshold": 0.5,
  "test": {
    "precision": 0.739688485387093,
    "recall": 0.733141059255298,
    "accuracy": 0.9946969350179027,
    "f1": 0.7364002141134546,
    "iou": 0.5827796350175837,
    "dice": 0.7364002191133945
  }
}